id,module,name,path,route,evidence_level,evidence_ref,status,notes
ER-0001,account_org,member_info,package:cattery_shared/domain/entities/member_info.dart,,S,reverse-evidence/entity-paths.txt,er-node,domain_bucket=account_org; used_in_docs12_ER
ER-0002,account_org,member_level,package:cattery_shared/domain/entities/member_level.dart,,S,reverse-evidence/entity-paths.txt,er-node,domain_bucket=account_org; used_in_docs12_ER
ER-0003,account_org,membership,package:cattery_shared/domain/entities/membership.dart,,S,reverse-evidence/entity-paths.txt,er-node,domain_bucket=account_org; used_in_docs12_ER
ER-0004,account_org,membership_info,package:cattery_shared/domain/entities/membership_info.dart,,S,reverse-evidence/entity-paths.txt,er-node,domain_bucket=account_org; used_in_docs12_ER
ER-0005,account_org,merchant_info,package:cattery_shared/domain/entities/merchant_info.dart,,S,reverse-evidence/entity-paths.txt,er-node,domain_bucket=account_org; used_in_docs12_ER
ER-0006,account_org,organization,package:cattery_shared/domain/entities/organization.dart,,S,reverse-evidence/entity-paths.txt,er-node,domain_bucket=account_org; used_in_docs12_ER
ER-0007,account_org,user,package:cattery_shared/domain/entities/user.dart,,S,reverse-evidence/entity-paths.txt,er-node,domain_bucket=account_org; used_in_docs12_ER
ER-0008,account_org,user_info,package:cattery_shared/domain/entities/user_info.dart,,S,reverse-evidence/entity-paths.txt,er-node,domain_bucket=account_org; used_in_docs12_ER
ER-0009,pet_pedigree,cat,package:cattery_shared/domain/entities/cat.dart,,S,reverse-evidence/entity-paths.txt,er-node,domain_bucket=pet_pedigree; used_in_docs12_ER
ER-0010,pet_pedigree,cat_sort_item,package:cattery_shared/domain/entities/cat_sort_item.dart,,S,reverse-evidence/entity-paths.txt,er-node,domain_bucket=pet_pedigree; used_in_docs12_ER
ER-0011,pet_pedigree,cat_tag,package:cattery_shared/domain/entities/cat_tag.dart,,S,reverse-evidence/entity-paths.txt,er-node,domain_bucket=pet_pedigree; used_in_docs12_ER
ER-0012,pet_pedigree,cat_variety,package:cattery_shared/domain/entities/cat_variety.dart,,S,reverse-evidence/entity-paths.txt,er-node,domain_bucket=pet_pedigree; used_in_docs12_ER
ER-0013,pet_pedigree,cat_weight,package:cattery_shared/domain/entities/cat_weight.dart,,S,reverse-evidence/entity-paths.txt,er-node,domain_bucket=pet_pedigree; used_in_docs12_ER
ER-0014,pet_pedigree,cat_with_weight,package:cattery_shared/domain/entities/cat_with_weight.dart,,S,reverse-evidence/entity-paths.txt,er-node,domain_bucket=pet_pedigree; used_in_docs12_ER
ER-0015,pet_pedigree,genetic,package:cattery_shared/domain/entities/genetic.dart,,S,reverse-evidence/entity-paths.txt,er-node,domain_bucket=pet_pedigree; used_in_docs12_ER
ER-0016,pet_pedigree,offspring_wall,package:cattery_shared/domain/entities/offspring_wall.dart,,S,reverse-evidence/entity-paths.txt,er-node,domain_bucket=pet_pedigree; used_in_docs12_ER
ER-0017,pet_pedigree,pedigree_tree,package:cattery_shared/domain/entities/pedigree_tree.dart,,S,reverse-evidence/entity-paths.txt,er-node,domain_bucket=pet_pedigree; used_in_docs12_ER
ER-0018,breeding,breeding_plan,package:cattery_shared/domain/entities/breeding_plan.dart,,S,reverse-evidence/entity-paths.txt,er-node,domain_bucket=breeding; used_in_docs12_ER
ER-0019,breeding,breeding_plan_filter,package:cattery_shared/domain/entities/breeding_plan_filter.dart,,S,reverse-evidence/entity-paths.txt,er-node,domain_bucket=breeding; used_in_docs12_ER
ER-0020,breeding,breeding_plan_form,package:cattery_shared/domain/entities/breeding_plan_form.dart,,S,reverse-evidence/entity-paths.txt,er-node,domain_bucket=breeding; used_in_docs12_ER
ER-0021,breeding,breeding_plan_reminder,package:cattery_shared/domain/entities/breeding_plan_reminder.dart,,S,reverse-evidence/entity-paths.txt,er-node,domain_bucket=breeding; used_in_docs12_ER
ER-0022,breeding,breeding_transaction,package:cattery_shared/domain/entities/breeding_transaction.dart,,S,reverse-evidence/entity-paths.txt,er-node,domain_bucket=breeding; used_in_docs12_ER
ER-0023,breeding,confirm_production_request,package:cattery_shared/domain/entities/confirm_production_request.dart,,S,reverse-evidence/entity-paths.txt,er-node,domain_bucket=breeding; used_in_docs12_ER
ER-0024,breeding,estrus_cycle,package:cattery_shared/domain/entities/estrus_cycle.dart,,S,reverse-evidence/entity-paths.txt,er-node,domain_bucket=breeding; used_in_docs12_ER
ER-0025,breeding,mating_log,package:cattery_shared/domain/entities/mating_log.dart,,S,reverse-evidence/entity-paths.txt,er-node,domain_bucket=breeding; used_in_docs12_ER
ER-0026,breeding,paginated_breeding_plan_response,package:cattery_shared/domain/entities/paginated_breeding_plan_response.dart,,S,reverse-evidence/entity-paths.txt,er-node,domain_bucket=breeding; used_in_docs12_ER
ER-0027,events_health,daily_health_status,package:cattery_shared/domain/entities/daily_health_status.dart,,S,reverse-evidence/entity-paths.txt,er-node,domain_bucket=events_health; used_in_docs12_ER
ER-0028,events_health,event_record,package:cattery_shared/domain/entities/event_record.dart,,S,reverse-evidence/entity-paths.txt,er-node,domain_bucket=events_health; used_in_docs12_ER
ER-0029,events_health,event_reminder,package:cattery_shared/domain/entities/event_reminder.dart,,S,reverse-evidence/entity-paths.txt,er-node,domain_bucket=events_health; used_in_docs12_ER
ER-0030,events_health,health_records,package:cattery_shared/domain/entities/health_records.dart,,S,reverse-evidence/entity-paths.txt,er-node,domain_bucket=events_health; used_in_docs12_ER
ER-0031,events_health,rating_tag,package:cattery_shared/domain/entities/rating_tag.dart,,S,reverse-evidence/entity-paths.txt,er-node,domain_bucket=events_health; used_in_docs12_ER
ER-0032,events_health,record_comment,package:cattery_shared/domain/entities/record_comment.dart,,S,reverse-evidence/entity-paths.txt,er-node,domain_bucket=events_health; used_in_docs12_ER
ER-0033,ops_commerce,contract_template,package:cattery_shared/domain/entities/contract_template.dart,,S,reverse-evidence/entity-paths.txt,er-node,domain_bucket=ops_commerce; used_in_docs12_ER
ER-0034,ops_commerce,door_info,package:cattery_shared/domain/entities/door_info.dart,,S,reverse-evidence/entity-paths.txt,er-node,domain_bucket=ops_commerce; used_in_docs12_ER
ER-0035,ops_commerce,knife_info,package:cattery_shared/domain/entities/knife_info.dart,,S,reverse-evidence/entity-paths.txt,er-node,domain_bucket=ops_commerce; used_in_docs12_ER
ER-0036,ops_commerce,product_info,package:cattery_shared/domain/entities/product_info.dart,,S,reverse-evidence/entity-paths.txt,er-node,domain_bucket=ops_commerce; used_in_docs12_ER
ER-0037,ops_commerce,queue_info,package:cattery_shared/domain/entities/queue_info.dart,,S,reverse-evidence/entity-paths.txt,er-node,domain_bucket=ops_commerce; used_in_docs12_ER
ER-0038,ops_commerce,receipt_template,package:cattery_shared/domain/entities/receipt_template.dart,,S,reverse-evidence/entity-paths.txt,er-node,domain_bucket=ops_commerce; used_in_docs12_ER
ER-0039,ops_commerce,wish_request,package:cattery_shared/domain/entities/wish_request.dart,,S,reverse-evidence/entity-paths.txt,er-node,domain_bucket=ops_commerce; used_in_docs12_ER
ER-0040,content_platform,article,package:cattery_shared/domain/entities/article.dart,,S,reverse-evidence/entity-paths.txt,er-node,domain_bucket=content_platform; used_in_docs12_ER
ER-0041,content_platform,banner,package:cattery_shared/domain/entities/banner.dart,,S,reverse-evidence/entity-paths.txt,er-node,domain_bucket=content_platform; used_in_docs12_ER
ER-0042,content_platform,campaign,package:cattery_shared/domain/entities/campaign.dart,,S,reverse-evidence/entity-paths.txt,er-node,domain_bucket=content_platform; used_in_docs12_ER
ER-0043,content_platform,campaign_material,package:cattery_shared/domain/entities/campaign_material.dart,,S,reverse-evidence/entity-paths.txt,er-node,domain_bucket=content_platform; used_in_docs12_ER
ER-0044,content_platform,link_type,package:cattery_shared/domain/entities/link_type.dart,,S,reverse-evidence/entity-paths.txt,er-node,domain_bucket=content_platform; used_in_docs12_ER
ER-0045,content_platform,mini_program_info,package:cattery_shared/domain/entities/mini_program_info.dart,,S,reverse-evidence/entity-paths.txt,er-node,domain_bucket=content_platform; used_in_docs12_ER
ER-0046,content_platform,shop_page,package:cattery_shared/domain/entities/shop_page.dart,,S,reverse-evidence/entity-paths.txt,er-node,domain_bucket=content_platform; used_in_docs12_ER
ER-0047,content_platform,template_info,package:cattery_shared/domain/entities/template_info.dart,,S,reverse-evidence/entity-paths.txt,er-node,domain_bucket=content_platform; used_in_docs12_ER
ER-0048,content_platform,theme_info,package:cattery_shared/domain/entities/theme_info.dart,,S,reverse-evidence/entity-paths.txt,er-node,domain_bucket=content_platform; used_in_docs12_ER
ER-0049,system,agent_message,package:cattery_shared/domain/entities/agent_message.dart,,S,reverse-evidence/entity-paths.txt,er-node,domain_bucket=system; used_in_docs12_ER
ER-0050,system,app_version,package:cattery_shared/domain/entities/app_version.dart,,S,reverse-evidence/entity-paths.txt,er-node,domain_bucket=system; used_in_docs12_ER
ER-0051,system,audit_info,package:cattery_shared/domain/entities/audit_info.dart,,S,reverse-evidence/entity-paths.txt,er-node,domain_bucket=system; used_in_docs12_ER
ER-0052,system,auto_backup_config,package:cattery_shared/domain/entities/auto_backup_config.dart,,S,reverse-evidence/entity-paths.txt,er-node,domain_bucket=system; used_in_docs12_ER
ER-0053,system,backup_task,package:cattery_shared/domain/entities/backup_task.dart,,S,reverse-evidence/entity-paths.txt,er-node,domain_bucket=system; used_in_docs12_ER
ER-0054,system,batch_config_response,package:cattery_shared/domain/entities/batch_config_response.dart,,S,reverse-evidence/entity-paths.txt,er-node,domain_bucket=system; used_in_docs12_ER
ER-0055,system,before_after_recipe,package:cattery_shared/domain/entities/before_after_recipe.dart,,S,reverse-evidence/entity-paths.txt,er-node,domain_bucket=system; used_in_docs12_ER
ER-0056,system,cat_tag,package:cattery_shared/domain/entities/cat_tag.dart,,S,reverse-evidence/entity-paths.txt,er-node,domain_bucket=system; used_in_docs12_ER
ER-0057,system,cdn_traffic_info,package:cattery_shared/domain/entities/cdn_traffic_info.dart,,S,reverse-evidence/entity-paths.txt,er-node,domain_bucket=system; used_in_docs12_ER
ER-0058,system,intro_splash_config,package:cattery_shared/domain/entities/intro_splash_config.dart,,S,reverse-evidence/entity-paths.txt,er-node,domain_bucket=system; used_in_docs12_ER
ER-0059,system,rating_tag,package:cattery_shared/domain/entities/rating_tag.dart,,S,reverse-evidence/entity-paths.txt,er-node,domain_bucket=system; used_in_docs12_ER
ER-0060,system,tag,package:cattery_shared/domain/entities/tag.dart,,S,reverse-evidence/entity-paths.txt,er-node,domain_bucket=system; used_in_docs12_ER
ER-0061,system,tool_item,package:cattery_shared/domain/entities/tool_item.dart,,S,reverse-evidence/entity-paths.txt,er-node,domain_bucket=system; used_in_docs12_ER
ER-0062,system,uploaded_image,package:cattery_shared/domain/entities/uploaded_image.dart,,S,reverse-evidence/entity-paths.txt,er-node,domain_bucket=system; used_in_docs12_ER
ER-0063,system,version_info,package:cattery_shared/domain/entities/version_info.dart,,S,reverse-evidence/entity-paths.txt,er-node,domain_bucket=system; used_in_docs12_ER
